{"cameraMode":{"drawMode":0,"name":"Shaded","section":"Shading Mode"},"sceneLighting":true,"audioPlay":false,"sceneViewState":{"showFog":true,"showMaterialUpdate":false,"showSkybox":true,"showFlares":true,"showImageEffects":true,"showParticleSystems":true},"in2DMode":false,"pivot":{"x":142.38031005859376,"y":752.0349731445313,"z":1457.9910888671875},"rotation":{"x":-0.1505725383758545,"y":-0.028214888647198678,"z":-0.004129412584006786,"w":0.9882793426513672},"size":2012.99169921875,"orthographic":false}